Zone,Disponibilité de protéines en quantité (kg/personne),Disponibilité intérieure/ Population,Exportations / Population,Importations / Population,Production / Population,PIB US $ par habitant
Afghanistan,0.3975740992896108,0.2665629597778993,0.503352571870903,0.5148145459771485,0.27796039828685554,0.043978555449252665
Afrique du Sud,0.8960246390406155,0.47032142429826995,0.5143612032159599,0.747839515359826,0.8492520231487617,0.4990258427282186
Albanie,0.7718800297488497,0.627680691430377,0.503352571870903,0.7843202004432969,0.5553924772064058,0.4279504797061895
Algérie,0.5952727443876897,0.35084089814294905,0.503352571870903,0.2450553687935661,0.6163685202000955,0.41193097505244225
Allemagne,0.8085792592657357,0.4019114640062772,0.7298682892792169,0.7595756683051161,0.7757364108943461,0.8382393352197532
Angola,0.6873688348869678,0.4183024285005536,0.503352571870903,0.7507201545099864,0.37259129680069847,0.4078890629771985
Antigua-et-Barbuda,0.9312542212319028,0.9506416488406392,0.503352571870903,0.9498398776379419,0.3187441286103032,0.6555531295121615
Arabie saoudite,0.9110652443966825,0.5168559207653832,0.37148349061922314,0.8327875799164487,0.77823285670765,0.6955251922296559
Argentine,0.8896128474142453,0.4861548469942088,0.6741092583023068,0.37261029645050625,0.9309753512285835,0.6380368537438033
Arménie,0.7504330432629873,0.6160133581902159,0.503352571870903,0.7744326508140993,0.5259020095684845,0.40785864867031374
Australie,0.9208502328768464,0.5430561209283258,0.5623558287893613,0.4950935598928058,0.9385692207564604,0.883250887517834
Autriche,0.7992825535316157,0.5596777001491864,0.7434974803203119,0.7790474287658606,0.7619856128652504,0.8489762501021043
Azerbaïdjan,0.7197483697873228,0.5139685049312679,0.503352571870903,0.633401285839123,0.6892395091218515,0.40854995778337
Bahamas,0.9013439470650704,0.8357941013510242,0.503352571870903,0.934764782220375,0.7519920001556217,0.7726241246505656
Bangladesh,0.3763661255460708,0.14913512913900026,0.503352571870903,0.5363928966768585,0.38856282296359757,0.26154581616392325
Barbade,0.9086923020643403,0.8600657383200648,0.503352571870903,0.7234061484075153,0.9410720122488516,0.6738511856065017
Belgique,0.7238130466078381,0.5051483066863127,0.9496313917327469,0.8621442991684223,0.9006242577158117,0.8361906531180427
Belize,0.814230523621402,0.7956153221985872,0.503352571870903,0.5363928966768585,0.9437041205903752,0.48162769900720637
Bolivie (État plurinational de),0.8638479571967079,0.5730401279909128,0.23727416614448693,0.30415895664808024,0.9259073239364416,0.370439191594216
Bosnie-Herzégovine,0.7564889930761807,0.6095021758976744,0.5992191284205121,0.6415218925782582,0.7747645647707563,0.4549031380127877
Botswana,0.5182719222114316,0.5268166380525933,0.503352571870903,0.5659976159789314,0.44741339320214357,0.49852992941863405
Brésil,0.9121406446776523,0.3842236265057889,0.8351317129613329,0.12887541705627936,0.9826440757316436,0.5682664350445277
Bulgarie,0.8228589869057767,0.5865554406778469,0.7067547767473898,0.7981037441713967,0.7450355914202516,0.5355020457052586
Burkina Faso,0.4517748706986317,0.33845343878794687,0.503352571870903,0.5363928966768585,0.456117806862366,0.09660305263005364
Bélarus,0.8341419001184731,0.571207757495636,0.8093853357334302,0.6131735554180449,0.9303691416802259,0.46744785408520895
Bénin,0.7369372578010864,0.5129401614452469,0.503352571870903,0.7670216198117684,0.39366156981041056,0.17395797261112467
Cabo Verde,0.7780962745646138,0.7524497048667796,0.503352571870903,0.8351147459612607,0.4164600478601564,0.3622031474681071
Cambodge,0.4457043331863558,0.348719328378053,0.503352571870903,0.491145536615676,0.4066054718446573,0.21804442296669668
Cameroun,0.5020348719751855,0.3444110037693452,0.503352571870903,0.5363928966768585,0.5062505648847687,0.22786714476690606
Canada,0.8932938710943674,0.5008814851493767,0.6675145711827392,0.6902756595043794,0.8927977250932957,0.8400542696290665
Chili,0.8739319027872234,0.5415197711148654,0.7048266418030744,0.7409416504789386,0.892684755835726,0.6437350673977118
Chine - RAS de Hong-Kong,0.9656668428287214,0.6522552895737006,0.9999999999999999,0.9999999999999999,0.5056646879714402,0.8424688669901168
Chine - RAS de Macao,0.8700035172242611,0.7854040748075183,0.503352571870903,0.8835428809178041,0.5660254080605119,0.9403380939538104
"Chine, continentale",0.7019279500595343,0.1451737540944431,0.4038680317093121,0.4262520574713929,0.7198222107383756,0.545778610667347
Chypre,0.836876924781238,0.7233436736149395,0.4852115293175746,0.7743184037794298,0.7987463985252359,0.684983574231075
Colombie,0.8367173894238387,0.453290425030801,0.1511649654117922,0.5812730811244637,0.8633130140465856,0.4915841122028619
Congo,0.7984645858966655,0.5988379672962483,0.503352571870903,0.8261268954718358,0.368204352790695,0.28957815784637186
Costa Rica,0.8080024615099559,0.60568310496672,0.44820526578913694,0.6550510742481125,0.8359863637619555,0.6045409521566192
Croatie,0.7057375013794012,0.5693695304994533,0.6578552182492418,0.704401419524163,0.73994858588453,0.6230142040535165
Cuba,0.7915438168608824,0.5377912680817782,0.503352571870903,0.855123798795182,0.466325714111374,0.5419250866448677
Côte d'Ivoire,0.46866070476255367,0.3289588892675611,0.503352571870903,0.4161808108567439,0.45458530987434115,0.28851553033039257
Danemark,0.8831558219240578,0.6306935129199053,0.8546142330185674,0.8387321795704091,0.8542270067696941,0.8846719207489848
Dominique,0.8650460424821245,0.940334034831043,0.503352571870903,0.9240300196541749,0.3187441286103032,0.516091107037357
El Salvador,0.7716358169217341,0.5699324062545112,0.3754169784009102,0.6246794657302914,0.7993788850382165,0.4053619063326033
Espagne,0.8771505245855247,0.4759048088803303,0.6701449239668618,0.6787411700369756,0.865752404087803,0.7557821527861701
Estonie,0.7947285414723517,0.695215430033972,0.7370219038430722,0.8025166684497004,0.7460423641321814,0.6981483074728463
Eswatini,0.6142094940131189,0.62116593229815,0.503352571870903,0.5918026542745007,0.5819675336913301,0.39787070140721825
Fidji,0.8346281236297632,0.7437221628537382,0.503352571870903,0.6546503731882822,0.8321483233018346,0.4733246390466004
Finlande,0.8068422906863109,0.5973376152156189,0.5890812010623983,0.6388791963445104,0.8142828703872815,0.8450942947248401
France,0.8264859033640823,0.427999929559243,0.7286084782530514,0.7339517263957112,0.8366549157228879,0.8204981251457593
Fédération de Russie,0.8500088202187066,0.3805718757285213,0.4774134310040903,0.5787158675447729,0.8560659174438321,0.5842897767761575
Gabon,0.8521879597532749,0.6900251612129265,0.503352571870903,0.8831369224098496,0.4227294050679921,0.505612592263273
Gambie,0.5245590273133636,0.5295369645519419,0.503352571870903,0.7266109059109442,0.3028391498972303,0.07546327871432745
Ghana,0.616250795091283,0.386271242983364,0.503352571870903,0.6946470567320326,0.43235338626905906,0.2816988275774581
Grenade,0.9103769357742306,0.9301122887957471,0.503352571870903,0.9357431928150959,0.6656414424904699,0.5573047703636582
Grèce,0.77333716408074,0.5342499070301261,0.6145532244070416,0.7298112393929869,0.8133933457301995,0.6821629374277893
Guatemala,0.7681751976068925,0.49772364322698026,0.40615861951875865,0.7317485797793862,0.7323042120256504,0.41985827846463786
Guinée,0.5452642912541796,0.41643945784283176,0.503352571870903,0.6441293496095203,0.3304486715180233,0.12716063647716558
Guinée-Bissau,0.4457043331863558,0.5059772254102732,0.503352571870903,0.6116893223642805,0.3966000383299644,0.09837283666527297
Guyana,0.8754258520135845,0.7720384515733067,0.503352571870903,0.5363928966768585,0.8984917469124687,0.4850990371589117
Géorgie,0.7432466244596132,0.5902447872910763,0.5277158020791636,0.7809668198143638,0.5863498666873305,0.4192023760008414
Haïti,0.6462268581246655,0.47116707400616736,0.503352571870903,0.737585976503477,0.28746392435509016,0.21826359348764135
Honduras,0.7885102827419339,0.549720016767641,0.25615802613025884,0.5595775093272353,0.7931971947057468,0.3147283519888202
Hongrie,0.840345197604093,0.5720421256092787,0.841789209222392,0.7080618230813636,0.93566322378543,0.6381594228535168
Indonésie,0.6266996598491941,0.23128769486697076,0.503352571870903,0.0,0.6586345775125464,0.39866515524213897
Iran (République islamique d'),0.840345197604093,0.4187437619901284,0.43904276511006074,0.28651974483692844,0.8364195822841319,0.4774432095943657
Iraq,0.7484546888099197,0.4305655119749583,0.503352571870903,0.7793776424853316,0.46625873737867696,0.43583395204001363
Irlande,0.8661031753573973,0.6361763132532722,0.8309736651368835,0.8283531147989511,0.8124972174566509,0.9199586361085985
Islande,0.8754258520135845,0.8330392779928363,0.503352571870903,0.7084877494170185,0.8529653653361057,0.9236546211017893
Israël,1.0,0.6597989214836137,0.39199973011695166,0.5363928966768585,1.0,0.830397176392399
Italie,0.8060639191125816,0.42312721883602933,0.6249769883102201,0.5815100836539729,0.8021857002521617,0.7823311937356234
Jamaïque,0.9124326264629354,0.6934638975792295,0.38529802141747155,0.7635502610630504,0.9128825295393757,0.4554883507663432
Japon,0.7940968861650297,0.3636299919388539,0.22291397875471397,0.7408521816874927,0.7674189548364942,0.8135961365129207
Jordanie,0.8449512276885092,0.5738114115062243,0.5057470240262442,0.7169754656709875,0.8006398300845878,0.4083695479604943
Kazakhstan,0.7699153069622191,0.493717915412442,0.3818317663581681,0.7541121826863149,0.671862230586876,0.5533834487175675
Kenya,0.26719918269264203,0.18117595623058713,0.503352571870903,0.5363928966768585,0.2619956525826015,0.25015947264753935
Kirghizistan,0.5034558598112078,0.444993583465182,0.503352571870903,0.6706353779126728,0.3380963917325006,0.19882686352651668
Kiribati,0.7811120386960055,0.8661967170370538,0.503352571870903,0.7451993549441935,0.6600279564504796,0.23771176809791306
Koweït,0.9139805063655477,0.670383145275057,0.5018209123766869,0.8748383609923118,0.7313157629451748,0.7624400123807169
Lesotho,0.64455128274139,0.5905743966646072,0.503352571870903,0.7258578299569063,0.31175121662418687,0.1684175059861872
Lettonie,0.7936743268614779,0.6663450081019285,0.7597572061176303,0.8337872485509292,0.7632211664434697,0.6497136016863907
Liban,0.6995957659675258,0.5310227310552569,0.4445867630173349,0.598435736821472,0.6706541423298202,0.5447652894566759
Libéria,0.6931967113619941,0.5549262789678457,0.503352571870903,0.7597818884780563,0.5010605570694597,0.05884643718562255
Lituanie,0.8394070876495985,0.6607042033807932,0.8530206721134093,0.7997260527700085,0.9041875884346764,0.6592152020532478
Luxembourg,0.7930382880904068,0.7525945661076225,0.5612944087447268,0.8175347600087209,0.3187441286103032,0.9999999999999998
Macédoine du Nord,0.7891654163729658,0.6595309703905042,0.4226158897299053,0.8206306082868675,0.3125046260291443,0.45820657054649927
Madagascar,0.48704686997667707,0.3343973122815616,0.503352571870903,0.5363928966768585,0.4999552624303155,0.03473888055513652
Malaisie,0.8829200887124209,0.5080127259724856,0.5415648015495644,0.6116027239247737,0.9497555219299533,0.5697622663358941
Malawi,0.5763084397600402,0.4035275370446698,0.503352571870903,0.5363928966768585,0.6323848208500013,0.03354930733450456
Mali,0.485463901501861,0.35705463297248147,0.503352571870903,0.2557717486885143,0.4684841810129995,0.11671411632183437
Malte,0.8797015635214598,0.8155880361864529,0.503352571870903,0.8272668312321071,0.6667166637942878,0.7553462276167138
Maroc,0.7951481985792213,0.4566255603745688,0.10985212218719376,0.298581930521264,0.800306309239521,0.3734994973061483
Maurice,0.8842121425509222,0.7407558016609662,0.503352571870903,0.5805152327274575,0.8903257075318413,0.5804237593110553
Mauritanie,0.5625374007506938,0.4997186908394012,0.503352571870903,0.7021292157485179,0.3431068534964381,0.2456864441330533
Mexique,0.8316872930850256,0.38302964194285877,0.2136866551271009,0.7337829290995619,0.8310217765273499,0.5596961720025289
Mongolie,0.4838643571395754,0.48550022399648296,0.503352571870903,0.6486058297368895,0.3187441286103032,0.3924211285661756
Monténégro,0.7599578166844092,0.7326149520376768,0.503352571870903,0.7812280745299756,0.6099794811744679,0.5228222385162677
Mozambique,0.5195502149498987,0.3415779307515522,0.503352571870903,0.5193672061305873,0.5020990429101394,0.019601910930335142
Myanmar,0.8423582183025862,0.4496244627099341,0.503352571870903,0.2595754411143803,0.8591109829927055,0.20527066114066317
Namibie,0.7127239096374656,0.6128686329838151,0.6805698496701769,0.7759149066840958,0.5578791415894895,0.461408581730292
Nicaragua,0.7869706215636465,0.5772530779400782,0.503352571870903,0.5304278719155148,0.8073651914090354,0.29287367745652904
Niger,0.3176452815647916,0.2662494116795353,0.503352571870903,0.3465658589469091,0.2985730104340837,0.03862611427078977
Nigéria,0.3127955062701692,0.1060460940085795,0.503352571870903,0.5363928966768585,0.32686881639712895,0.276538532203519
Norvège,0.8056732409179781,0.5996669333472269,0.503352571870903,0.44275652729587833,0.7820809772113346,0.9322311092204527
Nouvelle-Calédonie,0.8953736930662468,0.8560642271014615,0.503352571870903,0.8711054906346716,0.5204975134958707,0.7799536656781454
Nouvelle-Zélande,0.8715361898563603,0.639535719061135,0.6782454460293598,0.38754582219474265,0.9252569346924481,0.8336243502237639
Népal,0.43052468192350485,0.3019610360914978,0.503352571870903,0.5363928966768585,0.4352739843492429,0.16548811133071006
Oman,0.7970225176875163,0.6047567968192001,0.6391351053556468,0.8533390619245955,0.38252352920071336,0.6734426404856524
Ouganda,0.38884286059207057,0.25329607710879437,0.503352571870903,0.5363928966768585,0.390531235774373,0.11482421338159976
Pakistan,0.5952727443876897,0.23386681986057084,0.06810054840920926,0.08985407484455904,0.6045114052017735,0.23709348193130575
Panama,0.8485385962530636,0.6384476739504509,0.503352571870903,0.6886337690330292,0.9278711319489822,0.6449659450909093
Paraguay,0.5814870743653706,0.4744801788068236,0.44381398787299275,0.3511280654360228,0.6141964320010871,0.48263690973619133
Philippines,0.7264639606984704,0.34549625224659,0.06681618083386404,0.6192648034951759,0.7105067503765553,0.35901929392794707
Pologne,0.8730536370119717,0.48890909453887155,0.8664782485418117,0.5720649943280636,0.9672289024670923,0.6254102802393489
Polynésie française,0.9171243142395091,0.866645458172446,0.503352571870903,0.9205717839709214,0.5210659079703793,0.6919840310770133
Portugal,0.8804226746520853,0.5870072804939604,0.66345041563775,0.7359861732798416,0.8779068650330187,0.7070417236145254
Pérou,0.7824840996345297,0.45957507687384946,0.12346932144096445,0.5985222622962785,0.9224623803613164,0.4977526535043719
Roumanie,0.8076167161261161,0.5055587280236925,0.6417103575906036,0.7292202656424135,0.789131709208301,0.5817094412416521
Royaume-Uni de Grande-Bretagne et d'Irlande du Nord,0.8922987204032786,0.45714669436762306,0.6887341796791429,0.7726847914587827,0.8377962868161396,0.8212030718442667
Rwanda,0.385817908460867,0.3413178457851328,0.503352571870903,0.5363928966768585,0.39122679684255707,0.10767911294001165
République centrafricaine,0.4537459314762939,0.44297632310166346,0.503352571870903,0.5230377102242151,0.38486545832837865,0.0
République de Corée,0.7570278122973741,0.4123131211568454,0.2673779297858151,0.6312283281437772,0.7583721844194748,0.775806265182392
République de Moldova,0.7529395640723788,0.5939270509808889,0.503352571870903,0.6682843625969659,0.7254839909221417,0.3568455127045209
République dominicaine,0.8563148037845845,0.5740019267921718,0.44156433469082496,0.6695733178436979,0.864624840535131,0.5189147795830822
République populaire démocratique de Corée,0.38273184206966643,0.2853079598446404,0.503352571870903,0.5363928966768585,0.4013022995617155,0.08871146058377732
République-Unie de Tanzanie,0.4211214003873746,0.24806288285537045,0.503352571870903,0.21831297258294474,0.42134319188342545,0.15268396013818397
Saint-Kitts-et-Nevis,0.94323629410513,1.0,0.503352571870903,0.9539762224467567,0.3187441286103032,0.7126683199894057
Saint-Vincent-et-les Grenadines,0.9840091395365322,0.9657073941416483,0.503352571870903,0.9607865149436405,0.3187441286103032,0.5308368783343043
Sainte-Lucie,0.9414777126740019,0.9091769119210505,0.503352571870903,0.9226851699085548,0.5882433944228223,0.591556124633019
Samoa,0.9630366494161695,0.9136042870633477,0.503352571870903,0.9660113081593245,0.3187441286103032,0.41669873339044083
Sao Tomé-et-Principe,0.6698534919122547,0.7701817222895608,0.503352571870903,0.7544905266278538,0.5662782816482859,0.26491503250473714
Serbie,0.6830655900172975,0.5044588596085389,0.4777790260326271,0.5658995484647016,0.6746521975814215,0.47616290425768026
Sierra Leone,0.5245590273133636,0.4411976820842138,0.503352571870903,0.5965625439733543,0.4476021750877799,0.028774605652138074
Slovaquie,0.7293922629746148,0.5614396136233482,0.7082968033731774,0.7717875049564593,0.7222727960891291,0.6712360452609041
Slovénie,0.8225090323636557,0.6755244885072594,0.7938501819711492,0.7542122190837315,0.8760717542229958,0.7205343950015826
Soudan,0.3975740992896108,0.2580625562185732,0.503352571870903,0.24640293443853478,0.3966475238116814,0.3545030497864843
Sri Lanka,0.6399910906440622,0.42078755166470494,0.24363608200457632,0.5363928966768585,0.6655819231180882,0.40888128161857207
Suisse,0.77739179172877,0.5523467940422524,0.4208956035179747,0.7091902769046686,0.6921743847666255,0.949980101880801
Suriname,0.831852166377691,0.7736309924465612,0.742589306666287,0.8683677914217748,0.7689635918002157,0.47176277056348037
Suède,0.7908988260750627,0.5472913353338034,0.5961754830015381,0.741960968582733,0.7530279602313232,0.8715151130362604
Sénégal,0.5644468642490725,0.40777558490277593,0.503352571870903,0.5363928966768585,0.571491060565696,0.21602557518655963
Tadjikistan,0.5484578937926059,0.4401796290049076,0.503352571870903,0.6761818304511056,0.08447154388504105,0.12735188130906883
Tchad,0.201904933385107,0.23769448907922552,0.503352571870903,0.27589730590073913,0.17457150275635672,0.13574522437837944
Tchéquie,0.7994863628891684,0.5461638193651783,0.6059327484072538,0.7660956945478843,0.7476418435096907,0.7009722613719214
Thaïlande,0.7162765137296749,0.37098988758894913,0.7724351611231617,0.19562046986793158,0.8196213212374294,0.4912079740869788
Timor-Leste,0.5495077610924379,0.5831764492076813,0.503352571870903,0.7460465427097276,0.2845572616235606,0.20458812287763806
Togo,0.6247941662324592,0.48674767504616545,0.503352571870903,0.6067427416576726,0.5777325474189561,0.12065796351127411
Trinité-et-Tobago,0.9211260471392464,0.7516959201767951,0.503352571870903,0.8066386293712118,0.913738955762301,0.6553763667089081
Tunisie,0.7723672872300174,0.5280950543292202,0.3876527661278716,0.5363928966768585,0.778406485717175,0.38560102372927885
Turkménistan,0.5566614805291399,0.4754796975586257,0.503352571870903,0.5793558114165529,0.5144590765861699,0.49941202172503507
Turquie,0.7887289729594222,0.39385864828735745,0.6868463323131959,0.21934347348263633,0.8368548076884396,0.5782510533117591
Ukraine,0.801107121763095,0.44326359325662384,0.7032281492070066,0.6326051574122921,0.8380044888363055,0.32251071298531553
Uruguay,0.6579830489534091,0.560952736673815,0.488403204931181,0.5233450494610372,0.674273449047176,0.6829200448566239
Vanuatu,0.7053607931963148,0.7638531922510842,0.503352571870903,0.7903926429177062,0.5160228795472585,0.3563635154402225
Venezuela (République bolivarienne du),0.793885752626476,0.4698504845322767,0.503352571870903,0.5207977870585526,0.7927204963911575,0.5326453484531144
Viet Nam,0.7038446011871731,0.34244256942752016,0.002124520328295576,0.6444391936071184,0.6758985489031639,0.3539802122492366
Yémen,0.6615415647347318,0.4110343045219434,0.503352571870903,0.635476062685486,0.6012731735158241,0.06980053904119687
Zambie,0.5130490171838742,0.3769461957728606,0.19217903507109202,0.503736475808666,0.4864806404384737,0.22974265981872266
Zimbabwe,0.5625374007506938,0.4126548264264002,0.503352571870903,0.4533134189650712,0.5667962920293892,0.22959076326421757
Égypte,0.7217942274771763,0.34956083213488515,0.0,0.5490410132085315,0.7038441062875702,0.2742337770270751
Émirats arabes unis,0.9033176887207821,0.6037435686767197,0.7560095150410164,0.9037841141932926,0.5735457293516409,0.829412234926513
Équateur,0.769171971720082,0.4987513870850556,0.503352571870903,0.5363928966768585,0.7915564105022501,0.4858296796155199
États-Unis d'Amérique,0.9487774438851999,0.36918517357854264,0.7710439239619451,0.44293973975660017,0.9805168368438556,0.888260578194602
Éthiopie,0.0,0.0,0.503352571870903,0.08761776433092572,0.0,0.09624411033913716
Îles Salomon,0.5546515161244179,0.6341788016277872,0.503352571870903,0.7521955444334738,0.3187441286103032,0.30557454656729965
